symbol,tick_group,liq_group
68270,큰틱,고유동
39980,큰틱,고유동
5380,큰틱,고유동
389260,큰틱,고유동
482680,큰틱,저유동
35420,큰틱,고유동
50890,큰틱,고유동
42700,큰틱,고유동
660,큰틱,고유동
35720,큰틱,고유동
5930,큰틱,고유동
10140,큰틱,고유동
1440,큰틱,고유동
34020,큰틱,고유동
6800,큰틱,고유동
279570,큰틱,고유동
462020,큰틱,저유동
472230,큰틱,저유동
11200,큰틱,고유동
6400,큰틱,고유동
373220,큰틱,고유동
417200,큰틱,고유동
196170,큰틱,고유동
352820,큰틱,고유동
319400,큰틱,고유동
482690,큰틱,저유동
361610,큰틱,고유동
24110,큰틱,고유동
403870,큰틱,고유동
4370,큰틱,고유동
9830,큰틱,고유동
15760,큰틱,고유동
42660,큰틱,고유동
468760,큰틱,저유동
32820,큰틱,고유동
4410,큰틱,고유동
9150,큰틱,고유동
472220,큰틱,저유동
450080,큰틱,고유동
5387,큰틱,고유동
329180,큰틱,고유동
36460,큰틱,고유동
32830,큰틱,고유동
12510,큰틱,고유동
86520,큰틱,고유동
100,큰틱,고유동
86280,큰틱,고유동
58470,큰틱,고유동
34220,큰틱,고유동
10170,큰틱,고유동
12330,큰틱,고유동
5490,큰틱,고유동
257720,큰틱,고유동
3490,큰틱,고유동
6040,큰틱,고유동
64400,큰틱,고유동
5935,큰틱,고유동
66570,큰틱,고유동
28050,큰틱,고유동
272210,큰틱,고유동
45060,큰틱,저유동
79550,큰틱,고유동
402340,큰틱,고유동
10120,큰틱,고유동
316140,큰틱,고유동
89030,큰틱,고유동
388790,큰틱,고유동
278470,큰틱,고유동
18880,큰틱,고유동
11930,큰틱,고유동
454910,큰틱,고유동
5880,큰틱,고유동
36930,큰틱,고유동
98460,큰틱,고유동
30000,큰틱,고유동
71050,큰틱,고유동
30200,큰틱,고유동
267260,큰틱,고유동
492220,큰틱,저유동
6360,큰틱,고유동
326030,큰틱,고유동
122870,큰틱,고유동
15750,큰틱,고유동
250,큰틱,고유동
3280,큰틱,고유동
97230,큰틱,고유동
51910,큰틱,고유동
4020,큰틱,고유동
34730,큰틱,고유동
277810,큰틱,고유동
86790,큰틱,고유동
489210,큰틱,저유동
232140,큰틱,고유동
344820,큰틱,중유동
204320,큰틱,고유동
55550,큰틱,고유동
294870,큰틱,고유동
24060,큰틱,고유동
1680,큰틱,고유동
51900,큰틱,고유동
73240,큰틱,고유동
323410,큰틱,고유동
10950,큰틱,고유동
108490,큰틱,고유동
103140,큰틱,고유동
9420,큰틱,고유동
348370,큰틱,고유동
35900,큰틱,고유동
56080,큰틱,고유동
64350,큰틱,고유동
36540,큰틱,고유동
466100,큰틱,고유동
270520,큰틱,저유동
90710,큰틱,고유동
47040,큰틱,고유동
88350,큰틱,고유동
17670,큰틱,고유동
12450,큰틱,고유동
56190,큰틱,고유동
36570,큰틱,고유동
241560,큰틱,고유동
22100,큰틱,고유동
267250,큰틱,고유동
47050,큰틱,고유동
26960,큰틱,중유동
43260,큰틱,고유동
112040,큰틱,고유동
4990,큰틱,고유동
475150,큰틱,고유동
263750,큰틱,고유동
108320,큰틱,고유동
347700,큰틱,고유동
5385,큰틱,고유동
353200,큰틱,고유동
160190,큰틱,고유동
28260,큰틱,고유동
11170,큰틱,고유동
259960,큰틱,고유동
5940,큰틱,고유동
214150,큰틱,고유동
222800,큰틱,고유동
80220,큰틱,고유동
9540,큰틱,고유동
95340,큰틱,고유동
38880,큰틱,중유동
100790,큰틱,고유동
140860,큰틱,고유동
251270,큰틱,고유동
5180,큰틱,고유동
28300,큰틱,고유동
51600,큰틱,고유동
8770,큰틱,고유동
1450,큰틱,고유동
175330,큰틱,고유동
457190,큰틱,고유동
161390,큰틱,고유동
7660,큰틱,고유동
11790,큰틱,고유동
47810,큰틱,고유동
240810,큰틱,고유동
218410,큰틱,고유동
105560,큰틱,고유동
11070,큰틱,고유동
90430,큰틱,고유동
247540,큰틱,고유동
720,큰틱,고유동
78930,큰틱,고유동
377300,큰틱,고유동
41020,큰틱,고유동
3530,큰틱,고유동
23000,큰틱,저유동
489790,큰틱,고유동
139480,큰틱,고유동
130660,큰틱,고유동
96770,큰틱,고유동
255220,큰틱,고유동
41190,큰틱,고유동
96530,큰틱,고유동
27360,큰틱,고유동
30520,큰틱,고유동
5810,큰틱,고유동
14820,큰틱,중유동
5850,큰틱,고유동
6910,큰틱,고유동
1430,큰틱,고유동
6340,큰틱,고유동
302440,큰틱,고유동
348340,큰틱,고유동
105840,큰틱,고유동
137310,큰틱,중유동
207940,큰틱,고유동
336260,큰틱,고유동
16360,큰틱,고유동
178320,큰틱,고유동
62040,큰틱,고유동
2790,큰틱,고유동
54950,큰틱,중유동
437730,큰틱,고유동
4490,큰틱,중유동
119850,큰틱,고유동
112610,큰틱,고유동
30530,큰틱,고유동
2360,큰틱,중유동
270,큰틱,고유동
3670,큰틱,고유동
810,큰틱,고유동
14680,큰틱,고유동
53030,큰틱,고유동
65350,큰틱,고유동
1510,큰틱,고유동
3550,큰틱,고유동
32350,큰틱,고유동
240,큰틱,고유동
304100,큰틱,고유동
37270,큰틱,중유동
440110,큰틱,고유동
87010,큰틱,고유동
452260,큰틱,고유동
319660,큰틱,고유동
18260,큰틱,고유동
89010,큰틱,고유동
213500,큰틱,중유동
138040,큰틱,고유동
336570,큰틱,고유동
93380,큰틱,저유동
103590,큰틱,고유동
21240,큰틱,고유동
214450,큰틱,고유동
3160,큰틱,고유동
222080,큰틱,고유동
68760,큰틱,고유동
67310,큰틱,고유동
298050,큰틱,고유동
3000,큰틱,고유동
491000,큰틱,고유동
249420,큰틱,고유동
49630,큰틱,고유동
42040,큰틱,저유동
383310,큰틱,고유동
25980,큰틱,고유동
74600,큰틱,고유동
140520,큰틱,저유동
456160,큰틱,고유동
32640,큰틱,고유동
29780,큰틱,고유동
1740,큰틱,고유동
5070,큰틱,고유동
32500,큰틱,고유동
6260,큰틱,고유동
5290,큰틱,고유동
323280,큰틱,고유동
670,큰틱,중유동
145020,큰틱,고유동
36830,큰틱,고유동
53210,큰틱,저유동
92440,큰틱,저유동
66970,큰틱,고유동
120110,큰틱,고유동
107640,큰틱,고유동
347740,큰틱,저유동
3060,큰틱,중유동
58850,큰틱,중유동
28670,큰틱,고유동
1820,큰틱,고유동
33780,큰틱,고유동
56090,큰틱,고유동
69960,큰틱,고유동
93050,큰틱,중유동
321370,큰틱,고유동
317450,큰틱,중유동
230360,큰틱,저유동
486990,큰틱,고유동
17800,큰틱,고유동
25320,큰틱,고유동
8930,큰틱,고유동
161890,큰틱,고유동
1800,큰틱,고유동
65450,큰틱,고유동
3080,큰틱,저유동
97520,큰틱,중유동
8830,큰틱,고유동
3540,큰틱,고유동
64960,큰틱,고유동
117670,큰틱,중유동
990,큰틱,고유동
11780,큰틱,고유동
347850,큰틱,고유동
397030,큰틱,고유동
35620,큰틱,저유동
214180,큰틱,고유동
242040,큰틱,고유동
265520,큰틱,고유동
58610,큰틱,고유동
375500,큰틱,고유동
199430,큰틱,고유동
32850,큰틱,중유동
383220,큰틱,고유동
90360,큰틱,고유동
380550,큰틱,고유동
39490,큰틱,고유동
99440,큰틱,고유동
35810,큰틱,고유동
11210,큰틱,고유동
12630,큰틱,고유동
64760,큰틱,고유동
137400,큰틱,고유동
424870,큰틱,고유동
25860,큰틱,고유동
38390,큰틱,중유동
5945,큰틱,고유동
115450,큰틱,중유동
82270,큰틱,고유동
95610,큰틱,고유동
475560,큰틱,저유동
78150,큰틱,고유동
9450,큰틱,중유동
64260,큰틱,고유동
80,큰틱,중유동
307950,큰틱,고유동
32800,큰틱,저유동
1780,큰틱,고유동
48870,큰틱,중유동
6110,큰틱,고유동
32680,큰틱,저유동
267270,큰틱,고유동
46890,큰틱,고유동
45100,큰틱,고유동
95570,큰틱,중유동
6805,큰틱,고유동
3090,큰틱,중유동
2350,큰틱,중유동
7590,큰틱,저유동
65440,큰틱,고유동
125020,큰틱,고유동
39030,큰틱,고유동
3620,큰틱,고유동
225190,큰틱,고유동
131970,큰틱,고유동
462870,큰틱,중유동
16380,큰틱,중유동
272290,큰틱,고유동
11500,큰틱,고유동
65420,큰틱,저유동
166090,큰틱,고유동
475960,큰틱,고유동
281820,큰틱,고유동
82920,큰틱,고유동
18670,큰틱,고유동
89590,큰틱,중유동
322310,큰틱,고유동
6920,큰틱,고유동
476060,큰틱,고유동
33100,큰틱,고유동
79900,큰틱,고유동
33500,큰틱,고유동
3690,큰틱,고유동
95660,큰틱,고유동
138080,큰틱,고유동
73540,큰틱,중유동
2900,큰틱,고유동
78340,큰틱,중유동
38500,큰틱,고유동
3230,큰틱,고유동
121850,큰틱,저유동
7310,큰틱,고유동
114090,큰틱,고유동
16600,큰틱,중유동
243840,큰틱,중유동
89980,큰틱,고유동
298540,큰틱,중유동
39200,큰틱,고유동
85660,큰틱,고유동
322000,큰틱,고유동
3310,큰틱,고유동
7460,큰틱,중유동
2380,큰틱,고유동
356860,큰틱,고유동
1790,큰틱,중유동
93520,큰틱,중유동
19540,큰틱,고유동
150,큰틱,고유동
10820,큰틱,고유동
123890,큰틱,중유동
9290,큰틱,고유동
3850,큰틱,중유동
220100,큰틱,고유동
86980,큰틱,고유동
11700,큰틱,고유동
357780,큰틱,고유동
112290,큰틱,고유동
83450,큰틱,고유동
274090,큰틱,고유동
38540,큰틱,중유동
1940,큰틱,저유동
27410,큰틱,중유동
10780,큰틱,고유동
880,큰틱,고유동
285130,큰틱,중유동
32190,큰틱,고유동
5690,큰틱,고유동
4430,큰틱,중유동
14280,큰틱,중유동
13990,큰틱,중유동
208140,큰틱,저유동
815,큰틱,고유동
4060,큰틱,고유동
101160,큰틱,고유동
250060,큰틱,고유동
40420,큰틱,저유동
215000,큰틱,중유동
93370,큰틱,고유동
78130,큰틱,중유동
36640,큰틱,저유동
118000,큰틱,중유동
161580,큰틱,고유동
20560,큰틱,중유동
170900,큰틱,중유동
89860,큰틱,중유동
145720,큰틱,중유동
298380,큰틱,고유동
192650,큰틱,고유동
122640,큰틱,고유동
3100,큰틱,저유동
186230,큰틱,저유동
370,큰틱,고유동
66575,큰틱,고유동
20000,큰틱,중유동
443060,큰틱,고유동
3380,큰틱,고유동
78350,큰틱,고유동
46120,큰틱,고유동
67830,큰틱,저유동
293490,큰틱,고유동
154030,큰틱,중유동
68240,큰틱,중유동
36120,큰틱,중유동
35250,큰틱,고유동
11040,큰틱,저유동
4140,큰틱,고유동
332570,큰틱,고유동
54040,큰틱,저유동
101490,큰틱,고유동
417500,큰틱,고유동
123040,큰틱,중유동
457550,큰틱,고유동
14620,큰틱,고유동
263690,큰틱,저유동
79940,큰틱,중유동
430,큰틱,중유동
3545,큰틱,고유동
290090,큰틱,저유동
310210,큰틱,고유동
12340,큰틱,중유동
31210,큰틱,중유동
91340,큰틱,저유동
59090,큰틱,고유동
111770,큰틱,고유동
108860,큰틱,고유동
45520,큰틱,저유동
256840,큰틱,중유동
8260,큰틱,저유동
490470,큰틱,고유동
357230,큰틱,저유동
5860,큰틱,고유동
185750,큰틱,고유동
278280,큰틱,중유동
41910,큰틱,고유동
4170,큰틱,고유동
11300,큰틱,중유동
53050,큰틱,고유동
53620,큰틱,저유동
41920,큰틱,고유동
94170,큰틱,고유동
3920,큰틱,중유동
5750,큰틱,중유동
328130,큰틱,고유동
303810,큰틱,중유동
267320,큰틱,고유동
320,큰틱,저유동
1250,큰틱,고유동
400,큰틱,중유동
83650,큰틱,고유동
67920,큰틱,중유동
399720,큰틱,고유동
460850,큰틱,저유동
468530,큰틱,고유동
1270,큰틱,고유동
1520,큰틱,중유동
34590,큰틱,저유동
128820,큰틱,고유동
64820,큰틱,중유동
5389,큰틱,고유동
483650,큰틱,고유동
110990,큰틱,고유동
12200,큰틱,고유동
52690,큰틱,고유동
5250,큰틱,중유동
79370,큰틱,고유동
1390,큰틱,고유동
86900,큰틱,고유동
29530,큰틱,중유동
109960,큰틱,저유동
67010,큰틱,저유동
48410,큰틱,고유동
3520,큰틱,중유동
16880,큰틱,고유동
122900,큰틱,중유동
462980,큰틱,중유동
348210,큰틱,고유동
78020,큰틱,고유동
213420,큰틱,고유동
388720,큰틱,고유동
230240,큰틱,고유동
181710,큰틱,고유동
9970,큰틱,고유동
9900,큰틱,고유동
217590,큰틱,고유동
890,큰틱,저유동
51500,큰틱,고유동
382900,큰틱,고유동
45390,큰틱,고유동
192820,큰틱,고유동
39440,큰틱,고유동
448710,큰틱,고유동
89970,큰틱,고유동
5950,큰틱,중유동
24880,큰틱,고유동
67290,큰틱,중유동
17390,큰틱,중유동
102710,큰틱,고유동
9240,큰틱,중유동
36170,큰틱,고유동
90850,큰틱,중유동
383800,큰틱,중유동
2140,큰틱,고유동
229640,큰틱,고유동
136480,큰틱,중유동
31980,큰틱,고유동
37440,큰틱,저유동
43150,큰틱,중유동
469610,큰틱,중유동
352480,큰틱,중유동
4970,큰틱,저유동
317240,큰틱,중유동
66430,큰틱,중유동
455900,큰틱,중유동
440,큰틱,고유동
168360,큰틱,고유동
20150,큰틱,고유동
67160,큰틱,고유동
148150,큰틱,중유동
2100,큰틱,고유동
234340,큰틱,고유동
95190,큰틱,중유동
105630,큰틱,중유동
100130,큰틱,중유동
1120,큰틱,고유동
200130,큰틱,중유동
195500,큰틱,저유동
448900,큰틱,고유동
280360,큰틱,중유동
14940,큰틱,중유동
120,큰틱,고유동
124560,큰틱,중유동
251970,큰틱,중유동
23160,큰틱,고유동
41510,큰틱,고유동
6405,큰틱,고유동
365590,큰틱,저유동
75970,큰틱,저유동
60150,큰틱,중유동
198080,큰틱,저유동
484590,큰틱,고유동
417840,큰틱,고유동
5420,큰틱,고유동
42000,큰틱,고유동
23910,큰틱,중유동
299900,큰틱,저유동
439260,큰틱,고유동
77970,큰틱,고유동
5300,큰틱,중유동
5610,큰틱,중유동
25540,큰틱,고유동
23530,큰틱,고유동
39560,큰틱,고유동
108670,큰틱,중유동
11150,큰틱,중유동
358570,큰틱,고유동
139990,큰틱,저유동
27970,큰틱,저유동
271940,큰틱,고유동
44490,큰틱,고유동
361390,큰틱,고유동
306620,큰틱,고유동
37460,큰틱,고유동
189300,큰틱,고유동
14530,큰틱,고유동
8420,큰틱,저유동
99430,큰틱,중유동
204620,큰틱,중유동
12860,큰틱,고유동
100120,큰틱,중유동
24840,큰틱,중유동
24740,큰틱,고유동
25820,큰틱,중유동
3350,큰틱,고유동
475400,큰틱,고유동
390,큰틱,고유동
37030,큰틱,중유동
208640,큰틱,저유동
445090,큰틱,중유동
41650,큰틱,저유동
58820,큰틱,중유동
91700,큰틱,고유동
60370,큰틱,고유동
20120,큰틱,중유동
67280,큰틱,저유동
2630,큰틱,중유동
333430,큰틱,고유동
298040,큰틱,고유동
96760,큰틱,중유동
96350,큰틱,고유동
10955,큰틱,중유동
23590,큰틱,고유동
71320,큰틱,고유동
179900,큰틱,고유동
121600,큰틱,고유동
17960,큰틱,고유동
475230,큰틱,고유동
13870,큰틱,저유동
78160,큰틱,고유동
188260,큰틱,고유동
335810,큰틱,저유동
15860,큰틱,중유동
187660,큰틱,고유동
50860,큰틱,저유동
92870,큰틱,고유동
83640,큰틱,중유동
35760,큰틱,고유동
144510,큰틱,고유동
53270,큰틱,저유동
81660,큰틱,고유동
93920,큰틱,저유동
3570,큰틱,고유동
499790,큰틱,고유동
121440,큰틱,중유동
75180,큰틱,저유동
100700,큰틱,저유동
160980,큰틱,고유동
5830,큰틱,고유동
459510,큰틱,중유동
34310,큰틱,중유동
13520,큰틱,중유동
214270,큰틱,중유동
339770,큰틱,중유동
38010,큰틱,저유동
25750,큰틱,저유동
272450,큰틱,중유동
380540,큰틱,고유동
37760,큰틱,저유동
479880,큰틱,저유동
115530,큰틱,중유동
19550,큰틱,중유동
214320,큰틱,중유동
14790,큰틱,저유동
54050,큰틱,중유동
3495,큰틱,저유동
80420,큰틱,저유동
348030,큰틱,저유동
11760,큰틱,중유동
2070,큰틱,고유동
228670,큰틱,저유동
24850,큰틱,고유동
44480,큰틱,저유동
51905,큰틱,중유동
5870,큰틱,고유동
475830,큰틱,고유동
336370,큰틱,중유동
100590,큰틱,고유동
286940,큰틱,중유동
51915,큰틱,고유동
53450,큰틱,중유동
298020,큰틱,고유동
1620,큰틱,중유동
64850,큰틱,고유동
33270,큰틱,저유동
490,큰틱,고유동
12205,큰틱,저유동
3460,큰틱,중유동
8350,큰틱,고유동
480370,큰틱,저유동
10060,큰틱,고유동
478340,큰틱,고유동
53350,큰틱,저유동
1060,큰틱,고유동
389650,큰틱,고유동
4310,큰틱,고유동
70,큰틱,중유동
256150,큰틱,저유동
13120,큰틱,중유동
115180,큰틱,고유동
1530,큰틱,중유동
158430,큰틱,중유동
69260,큰틱,고유동
84010,큰틱,중유동
9580,큰틱,저유동
217270,큰틱,저유동
79160,큰틱,고유동
334970,큰틱,저유동
389020,큰틱,고유동
290120,큰틱,저유동
700,큰틱,중유동
100090,큰틱,고유동
376300,큰틱,고유동
267980,큰틱,중유동
365340,큰틱,고유동
82740,큰틱,고유동
218150,큰틱,고유동
39130,큰틱,중유동
393890,큰틱,고유동
94480,큰틱,고유동
41830,큰틱,중유동
462860,큰틱,중유동
5960,큰틱,중유동
226590,큰틱,고유동
57050,큰틱,고유동
6730,큰틱,고유동
73490,큰틱,고유동
372170,큰틱,중유동
272550,큰틱,저유동
78600,큰틱,고유동
129260,큰틱,저유동
3120,큰틱,저유동
11785,큰틱,저유동
11330,큰틱,중유동
376900,큰틱,고유동
3555,큰틱,중유동
92200,큰틱,고유동
39860,큰틱,고유동
97870,큰틱,고유동
3960,큰틱,중유동
500,큰틱,고유동
88130,큰틱,고유동
15890,큰틱,저유동
36620,큰틱,중유동
2030,큰틱,중유동
17940,큰틱,고유동
77500,큰틱,중유동
32620,큰틱,중유동
108380,큰틱,중유동
267290,큰틱,중유동
11690,큰틱,고유동
2990,큰틱,중유동
243070,큰틱,중유동
4000,큰틱,고유동
10130,큰틱,고유동
36580,큰틱,중유동
10660,큰틱,중유동
35460,큰틱,중유동
238090,큰틱,중유동
51370,큰틱,고유동
195870,큰틱,고유동
195940,큰틱,고유동
12610,큰틱,중유동
356680,큰틱,중유동
9780,큰틱,저유동
40610,큰틱,중유동
1795,큰틱,저유동
640,큰틱,중유동
298830,큰틱,고유동
309710,큰틱,고유동
194480,큰틱,고유동
84370,큰틱,고유동
293480,큰틱,중유동
451700,큰틱,중유동
68930,큰틱,저유동
322510,큰틱,고유동
200470,큰틱,고유동
21080,큰틱,중유동
53800,큰틱,중유동
4100,큰틱,고유동
282330,큰틱,고유동
43650,큰틱,저유동
7340,큰틱,고유동
680,큰틱,중유동
12750,큰틱,고유동
84990,큰틱,중유동
89470,큰틱,중유동
15230,큰틱,중유동
58730,큰틱,고유동
9470,큰틱,고유동
6060,큰틱,저유동
92070,큰틱,중유동
52400,큰틱,고유동
3547,큰틱,중유동
215200,큰틱,중유동
9460,큰틱,저유동
82640,큰틱,고유동
419530,큰틱,고유동
39420,큰틱,저유동
53700,큰틱,중유동
25880,큰틱,고유동
2150,큰틱,중유동
214330,큰틱,중유동
30210,큰틱,중유동
33920,큰틱,중유동
88800,큰틱,고유동
12790,큰틱,저유동
171090,큰틱,고유동
123410,큰틱,중유동
71970,큰틱,고유동
39570,큰틱,중유동
406820,큰틱,저유동
377740,큰틱,중유동
33290,큰틱,저유동
13810,큰틱,중유동
77360,큰틱,고유동
205470,큰틱,중유동
139130,큰틱,고유동
88910,큰틱,저유동
86450,큰틱,고유동
52330,큰틱,저유동
79960,큰틱,중유동
59100,중간틱,저유동
2240,중간틱,중유동
241590,중간틱,중유동
361570,중간틱,저유동
287840,중간틱,고유동
58400,중간틱,저유동
315640,중간틱,중유동
140,중간틱,저유동
89890,중간틱,고유동
83420,중간틱,저유동
216080,중간틱,고유동
58630,중간틱,중유동
131370,중간틱,저유동
65500,중간틱,중유동
43910,중간틱,저유동
16450,중간틱,저유동
460860,중간틱,중유동
299170,중간틱,중유동
9070,중간틱,고유동
215600,중간틱,중유동
476830,중간틱,고유동
16580,중간틱,저유동
5010,중간틱,고유동
13030,중간틱,고유동
214420,중간틱,중유동
297090,중간틱,고유동
4840,중간틱,저유동
97800,중간틱,저유동
104830,중간틱,고유동
381970,중간틱,중유동
34230,중간틱,고유동
308430,중간틱,고유동
225570,중간틱,중유동
29460,중간틱,중유동
456040,중간틱,중유동
53290,중간틱,저유동
227950,중간틱,중유동
204610,중간틱,중유동
1750,중간틱,중유동
338840,중간틱,고유동
8730,중간틱,중유동
114630,중간틱,중유동
234080,중간틱,중유동
60900,중간틱,저유동
264850,중간틱,고유동
366030,중간틱,고유동
5090,중간틱,고유동
36810,중간틱,고유동
31330,중간틱,고유동
30190,중간틱,고유동
60980,중간틱,중유동
365330,중간틱,중유동
100840,중간틱,고유동
9680,중간틱,중유동
314130,중간틱,고유동
8490,중간틱,저유동
67570,중간틱,저유동
7810,중간틱,고유동
241710,중간틱,고유동
4150,중간틱,저유동
54670,중간틱,중유동
81580,중간틱,중유동
372910,중간틱,중유동
355150,중간틱,고유동
214370,중간틱,고유동
200710,중간틱,고유동
67000,중간틱,고유동
8060,중간틱,중유동
75130,중간틱,저유동
452450,중간틱,중유동
21880,중간틱,저유동
1380,중간틱,저유동
17810,중간틱,중유동
65710,중간틱,중유동
56360,중간틱,고유동
101680,중간틱,고유동
440290,중간틱,저유동
285490,중간틱,중유동
237690,중간틱,고유동
118990,중간틱,중유동
128940,중간틱,고유동
19685,중간틱,저유동
66130,중간틱,저유동
37560,중간틱,저유동
2780,중간틱,고유동
337930,중간틱,중유동
354320,중간틱,고유동
138930,중간틱,고유동
2960,중간틱,고유동
487720,중간틱,저유동
299030,중간틱,중유동
221800,중간틱,고유동
3720,중간틱,고유동
117580,중간틱,고유동
220260,중간틱,중유동
17480,중간틱,저유동
89150,중간틱,저유동
210,중간틱,고유동
23760,중간틱,중유동
6890,중간틱,고유동
7160,중간틱,중유동
290650,중간틱,고유동
389470,중간틱,고유동
136490,중간틱,중유동
170030,중간틱,중유동
126560,중간틱,저유동
327260,중간틱,고유동
25000,중간틱,중유동
6620,중간틱,중유동
456010,중간틱,고유동
262260,중간틱,저유동
36530,중간틱,중유동
415380,중간틱,저유동
122990,중간틱,중유동
290740,중간틱,고유동
520,중간틱,중유동
89850,중간틱,저유동
5680,중간틱,중유동
2230,중간틱,고유동
7700,중간틱,중유동
10690,중간틱,고유동
95500,중간틱,중유동
47770,중간틱,고유동
12690,중간틱,중유동
215100,중간틱,중유동
425420,중간틱,고유동
52260,중간틱,중유동
93640,중간틱,중유동
235980,중간틱,중유동
171120,중간틱,저유동
9730,중간틱,중유동
49180,중간틱,고유동
2310,중간틱,고유동
388050,중간틱,고유동
304360,중간틱,고유동
51490,중간틱,저유동
126340,중간틱,고유동
103840,중간틱,저유동
340570,중간틱,중유동
487570,중간틱,중유동
6120,중간틱,고유동
67630,중간틱,중유동
89600,중간틱,중유동
373170,중간틱,중유동
229000,중간틱,고유동
33320,중간틱,고유동
47310,중간틱,중유동
44450,중간틱,고유동
357550,중간틱,중유동
322180,중간틱,중유동
11090,중간틱,저유동
277880,중간틱,고유동
81150,중간틱,고유동
413630,중간틱,중유동
307280,중간틱,저유동
33830,중간틱,저유동
11000,중간틱,중유동
124500,중간틱,고유동
453340,중간틱,중유동
49800,중간틱,저유동
58860,중간틱,중유동
474650,중간틱,고유동
42500,중간틱,저유동
2200,중간틱,중유동
494120,중간틱,고유동
78890,중간틱,중유동
93320,중간틱,고유동
4780,중간틱,중유동
10240,중간틱,저유동
39240,중간틱,저유동
420770,중간틱,고유동
10040,중간틱,저유동
140410,중간틱,고유동
402490,중간틱,고유동
97955,중간틱,중유동
69620,중간틱,고유동
40,중간틱,저유동
223250,중간틱,중유동
2390,중간틱,저유동
82800,중간틱,중유동
25530,중간틱,저유동
246710,중간틱,중유동
38530,중간틱,중유동
62970,중간틱,중유동
24120,중간틱,저유동
5720,중간틱,저유동
96240,중간틱,중유동
72870,중간틱,고유동
3475,중간틱,저유동
445680,중간틱,고유동
174900,중간틱,고유동
36200,중간틱,중유동
215090,중간틱,중유동
92220,중간틱,고유동
240600,중간틱,저유동
252990,중간틱,고유동
3680,중간틱,저유동
29480,중간틱,중유동
46310,중간틱,저유동
98120,중간틱,고유동
466910,중간틱,중유동
474610,중간틱,고유동
67990,중간틱,저유동
478560,중간틱,저유동
25900,중간틱,중유동
101730,중간틱,저유동
137940,중간틱,저유동
340450,중간틱,중유동
295310,중간틱,고유동
27710,중간틱,고유동
7690,중간틱,중유동
4870,중간틱,저유동
214610,중간틱,저유동
100250,중간틱,저유동
20,중간틱,중유동
144960,중간틱,중유동
317330,중간틱,중유동
7720,중간틱,저유동
72020,중간틱,중유동
51630,중간틱,중유동
73010,중간틱,중유동
85670,중간틱,중유동
33560,중간틱,저유동
13310,중간틱,고유동
305090,중간틱,중유동
1070,중간틱,저유동
41930,중간틱,저유동
308170,중간틱,저유동
126720,중간틱,고유동
1500,중간틱,고유동
95270,중간틱,고유동
104700,중간틱,저유동
23800,중간틱,중유동
49480,중간틱,저유동
142210,중간틱,중유동
281740,중간틱,고유동
131290,중간틱,고유동
36890,중간틱,고유동
36800,중간틱,저유동
6280,중간틱,고유동
49080,중간틱,중유동
114190,중간틱,중유동
206560,중간틱,저유동
187420,중간틱,중유동
65170,중간틱,고유동
148930,중간틱,저유동
126880,중간틱,저유동
372320,중간틱,고유동
45970,중간틱,중유동
200670,중간틱,중유동
288980,중간틱,저유동
53160,중간틱,중유동
148250,중간틱,중유동
187220,중간틱,고유동
357580,중간틱,고유동
34830,중간틱,고유동
248170,중간틱,중유동
59210,중간틱,중유동
19210,중간틱,고유동
94970,중간틱,저유동
8290,중간틱,저유동
53610,중간틱,고유동
170920,중간틱,고유동
263810,중간틱,저유동
102940,중간틱,고유동
65660,중간틱,고유동
352910,중간틱,저유동
17370,중간틱,중유동
37350,중간틱,고유동
33240,중간틱,고유동
138610,중간틱,중유동
272110,중간틱,고유동
6880,중간틱,중유동
98070,중간틱,고유동
1755,중간틱,저유동
79980,중간틱,저유동
241690,중간틱,중유동
465770,중간틱,고유동
12280,중간틱,중유동
115570,중간틱,저유동
109610,중간틱,중유동
123750,중간틱,저유동
16610,중간틱,고유동
73570,중간틱,저유동
263600,중간틱,중유동
382480,중간틱,중유동
151860,중간틱,중유동
92790,중간틱,고유동
33530,중간틱,중유동
130500,중간틱,저유동
3780,중간틱,중유동
363250,중간틱,중유동
37950,중간틱,저유동
39740,중간틱,저유동
53280,중간틱,저유동
150900,중간틱,저유동
340810,중간틱,중유동
75580,중간틱,고유동
217730,중간틱,고유동
307180,중간틱,고유동
35600,중간틱,중유동
145210,중간틱,중유동
1200,중간틱,고유동
89790,중간틱,중유동
1340,중간틱,고유동
330730,중간틱,중유동
163280,중간틱,중유동
54930,중간틱,중유동
85620,중간틱,고유동
347000,중간틱,중유동
211050,중간틱,고유동
200880,중간틱,중유동
183190,중간틱,중유동
16740,중간틱,중유동
203400,중간틱,중유동
318060,중간틱,고유동
88790,중간틱,중유동
2170,중간틱,저유동
3650,중간틱,중유동
217500,중간틱,중유동
4440,중간틱,중유동
80160,중간틱,중유동
299660,중간틱,중유동
19170,중간틱,중유동
52220,중간틱,중유동
4250,중간틱,저유동
284740,중간틱,중유동
102260,중간틱,중유동
487360,중간틱,저유동
650,중간틱,중유동
180640,중간틱,고유동
32750,중간틱,저유동
317770,중간틱,중유동
47080,중간틱,저유동
354200,중간틱,중유동
251630,중간틱,중유동
226330,중간틱,중유동
2020,중간틱,고유동
9160,중간틱,중유동
4255,중간틱,저유동
42370,중간틱,고유동
114810,중간틱,고유동
123700,중간틱,저유동
317400,중간틱,저유동
66620,중간틱,저유동
177900,중간틱,저유동
27740,중간틱,저유동
38060,중간틱,중유동
214390,중간틱,저유동
30960,중간틱,중유동
362320,중간틱,저유동
123330,중간틱,고유동
6660,중간틱,중유동
225530,중간틱,저유동
234100,중간틱,고유동
24720,중간틱,중유동
83930,중간틱,중유동
120115,중간틱,중유동
30720,중간틱,저유동
294630,중간틱,고유동
61970,중간틱,중유동
307750,중간틱,고유동
394280,중간틱,고유동
476040,중간틱,고유동
105760,중간틱,중유동
6650,중간틱,고유동
226950,중간틱,고유동
93190,중간틱,저유동
14570,중간틱,저유동
452200,중간틱,저유동
91120,중간틱,중유동
5305,중간틱,저유동
276730,중간틱,저유동
489500,중간틱,고유동
6140,중간틱,저유동
79430,중간틱,중유동
35000,중간틱,저유동
363280,중간틱,중유동
119830,중간틱,고유동
3010,중간틱,중유동
168330,중간틱,저유동
94850,중간틱,저유동
241770,중간틱,고유동
19180,중간틱,고유동
92730,중간틱,중유동
26890,중간틱,중유동
4710,중간틱,고유동
418550,중간틱,중유동
4910,중간틱,저유동
300080,중간틱,고유동
53300,중간틱,중유동
206640,중간틱,중유동
32540,중간틱,저유동
12030,중간틱,고유동
51980,중간틱,고유동
308080,중간틱,고유동
78070,중간틱,고유동
87,중간틱,저유동
15710,중간틱,중유동
1210,중간틱,중유동
192440,중간틱,저유동
2820,중간틱,저유동
34810,중간틱,중유동
79170,중간틱,중유동
38110,중간틱,중유동
290270,중간틱,저유동
145170,중간틱,저유동
127120,중간틱,고유동
463020,중간틱,고유동
52790,중간틱,저유동
339950,중간틱,중유동
43610,중간틱,저유동
84110,중간틱,고유동
64480,중간틱,중유동
4800,중간틱,고유동
37370,중간틱,저유동
13580,중간틱,중유동
80470,중간틱,저유동
10770,중간틱,저유동
73110,중간틱,저유동
389500,중간틱,고유동
147830,중간틱,고유동
94280,중간틱,중유동
60720,중간틱,고유동
46210,중간틱,중유동
177830,중간틱,저유동
156100,중간틱,고유동
155660,중간틱,저유동
19770,중간틱,저유동
99390,중간틱,저유동
72950,중간틱,고유동
101400,중간틱,중유동
263700,중간틱,저유동
42420,중간틱,저유동
246720,중간틱,저유동
32560,중간틱,저유동
217820,중간틱,중유동
9140,중간틱,저유동
14830,중간틱,고유동
21320,중간틱,중유동
128660,중간틱,중유동
25550,중간틱,중유동
352090,중간틱,저유동
10580,중간틱,중유동
66590,중간틱,중유동
36090,중간틱,고유동
54540,중간틱,중유동
2720,중간틱,중유동
2450,중간틱,중유동
16090,중간틱,저유동
2710,중간틱,중유동
122690,중간틱,중유동
52600,중간틱,저유동
36030,중간틱,저유동
5440,중간틱,고유동
92780,중간틱,중유동
54220,중간틱,중유동
9835,중간틱,중유동
18470,중간틱,고유동
60590,중간틱,중유동
212710,중간틱,중유동
5710,중간틱,중유동
190510,중간틱,중유동
179290,중간틱,중유동
49520,중간틱,중유동
16710,중간틱,저유동
92230,중간틱,저유동
333620,중간틱,저유동
217330,중간틱,중유동
1630,중간틱,중유동
239610,중간틱,저유동
17900,중간틱,중유동
389030,중간틱,고유동
190650,중간틱,저유동
336680,중간틱,저유동
237880,중간틱,저유동
294570,중간틱,중유동
60250,중간틱,고유동
115500,중간틱,저유동
72130,중간틱,중유동
394800,중간틱,고유동
3470,중간틱,고유동
6980,중간틱,저유동
7540,중간틱,중유동
459550,중간틱,중유동
210540,중간틱,중유동
480,중간틱,저유동
26040,중간틱,중유동
126600,중간틱,저유동
9520,중간틱,고유동
5160,중간틱,저유동
465480,중간틱,저유동
462510,중간틱,중유동
14580,중간틱,중유동
108675,중간틱,저유동
79190,중간틱,저유동
67390,중간틱,중유동
234690,중간틱,중유동
31820,중간틱,중유동
38070,중간틱,중유동
475580,중간틱,고유동
83660,중간틱,저유동
9180,중간틱,중유동
7390,중간틱,고유동
24890,중간틱,저유동
125490,중간틱,고유동
452300,중간틱,중유동
23410,중간틱,중유동
30610,중간틱,중유동
443250,중간틱,중유동
452190,중간틱,중유동
14130,중간틱,저유동
300720,중간틱,중유동
50760,중간틱,저유동
85810,중간틱,저유동
199820,중간틱,고유동
910,중간틱,중유동
69080,중간틱,중유동
2420,중간틱,저유동
247660,중간틱,저유동
289080,중간틱,고유동
54940,중간틱,저유동
47560,중간틱,중유동
36420,중간틱,중유동
38460,중간틱,고유동
161000,중간틱,중유동
432720,중간틱,고유동
166480,중간틱,중유동
84670,중간틱,중유동
36190,중간틱,중유동
41960,중간틱,중유동
17890,중간틱,중유동
96775,중간틱,중유동
114450,중간틱,중유동
265740,중간틱,고유동
416180,중간틱,중유동
17550,중간틱,중유동
58970,중간틱,고유동
322780,중간틱,저유동
228340,중간틱,저유동
59120,중간틱,중유동
196700,중간틱,중유동
271560,중간틱,고유동
226320,중간틱,저유동
200230,중간틱,저유동
290690,중간틱,중유동
63570,중간틱,저유동
8470,중간틱,저유동
389140,중간틱,고유동
208370,중간틱,고유동
39020,중간틱,저유동
241790,중간틱,중유동
412350,중간틱,고유동
10470,중간틱,저유동
86040,중간틱,저유동
464580,중간틱,저유동
51160,중간틱,중유동
457600,중간틱,중유동
49720,중간틱,중유동
310200,중간틱,중유동
173130,중간틱,중유동
3030,중간틱,고유동
321550,중간틱,고유동
115480,중간틱,저유동
89140,중간틱,저유동
41460,중간틱,중유동
42110,중간틱,중유동
2620,중간틱,중유동
67730,중간틱,저유동
86960,중간틱,중유동
32960,중간틱,중유동
26150,중간틱,중유동
236200,중간틱,중유동
19010,중간틱,중유동
418420,중간틱,중유동
71840,중간틱,저유동
5670,중간틱,저유동
217190,중간틱,중유동
79810,중간틱,중유동
54620,중간틱,고유동
351330,중간틱,저유동
184230,중간틱,저유동
484120,중간틱,중유동
17510,중간틱,고유동
353810,중간틱,중유동
33160,중간틱,고유동
441270,중간틱,고유동
214430,중간틱,고유동
95700,중간틱,중유동
228850,중간틱,저유동
120240,중간틱,중유동
3220,중간틱,중유동
10100,중간틱,중유동
10960,중간틱,저유동
408900,중간틱,중유동
45510,중간틱,저유동
461030,중간틱,중유동
408920,중간틱,저유동
86060,중간틱,중유동
472850,중간틱,저유동
78935,중간틱,저유동
7820,중간틱,중유동
78590,중간틱,중유동
6740,중간틱,저유동
192400,중간틱,중유동
183300,중간틱,고유동
4690,중간틱,중유동
19570,중간틱,중유동
39840,중간틱,중유동
57030,중간틱,저유동
44960,중간틱,중유동
23810,중간틱,중유동
51380,중간틱,저유동
318020,중간틱,저유동
89230,중간틱,고유동
11080,중간틱,저유동
18000,중간틱,고유동
396300,중간틱,중유동
130740,중간틱,저유동
725,중간틱,중유동
460870,중간틱,중유동
6570,중간틱,저유동
54780,중간틱,저유동
356890,중간틱,저유동
8370,중간틱,저유동
419080,중간틱,저유동
382840,중간틱,중유동
12700,중간틱,저유동
970,중간틱,저유동
101530,중간틱,저유동
248070,중간틱,고유동
439090,중간틱,저유동
8870,중간틱,저유동
215,중간틱,저유동
340930,중간틱,중유동
301300,중간틱,중유동
24090,중간틱,저유동
317850,중간틱,중유동
298690,중간틱,중유동
403550,중간틱,저유동
141080,중간틱,고유동
10640,중간틱,저유동
37400,중간틱,저유동
317690,중간틱,저유동
222040,중간틱,저유동
383930,중간틱,중유동
20180,중간틱,저유동
69540,중간틱,고유동
125210,중간틱,중유동
88280,중간틱,고유동
86890,중간틱,중유동
411080,중간틱,저유동
63440,중간틱,저유동
123420,중간틱,저유동
445180,중간틱,중유동
84680,중간틱,중유동
111110,중간틱,저유동
119500,중간틱,중유동
267850,중간틱,저유동
194700,중간틱,중유동
6090,중간틱,저유동
1040,중간틱,고유동
216050,중간틱,저유동
297890,중간틱,중유동
237820,중간틱,중유동
355390,중간틱,저유동
17650,중간틱,중유동
145990,중간틱,중유동
68790,중간틱,고유동
263720,중간틱,중유동
3610,중간틱,저유동
382150,중간틱,중유동
192390,중간틱,저유동
130580,중간틱,저유동
18290,중간틱,고유동
355690,중간틱,중유동
389680,중간틱,중유동
49070,중간틱,중유동
14710,중간틱,저유동
38680,중간틱,저유동
54920,중간틱,중유동
290720,중간틱,중유동
290550,중간틱,고유동
163560,중간틱,중유동
318410,중간틱,중유동
2800,중간틱,중유동
23150,중간틱,저유동
6200,중간틱,저유동
60280,중간틱,고유동
39830,중간틱,고유동
102460,중간틱,저유동
92130,중간틱,저유동
42600,중간틱,저유동
48530,중간틱,고유동
221840,중간틱,저유동
7070,중간틱,중유동
53080,중간틱,고유동
323990,중간틱,중유동
5740,중간틱,저유동
484870,중간틱,고유동
35150,중간틱,중유동
3300,중간틱,중유동
464490,중간틱,고유동
376290,중간틱,저유동
86390,중간틱,고유동
104620,중간틱,중유동
1540,중간틱,저유동
155650,중간틱,저유동
1020,중간틱,저유동
464500,중간틱,저유동
42520,중간틱,고유동
43340,중간틱,저유동
94360,중간틱,중유동
53980,중간틱,저유동
178920,중간틱,고유동
37230,중간틱,저유동
90460,중간틱,고유동
388870,중간틱,고유동
96870,중간틱,저유동
451760,중간틱,고유동
52860,중간틱,고유동
253450,중간틱,고유동
34950,중간틱,저유동
54210,중간틱,중유동
460930,중간틱,고유동
4650,중간틱,저유동
204270,중간틱,고유동
9410,중간틱,중유동
7860,중간틱,중유동
396470,중간틱,저유동
234300,중간틱,저유동
91580,중간틱,고유동
71200,중간틱,중유동
8250,중간틱,저유동
234030,중간틱,중유동
1230,중간틱,고유동
52900,중간틱,중유동
36710,중간틱,중유동
368770,중간틱,고유동
93240,중간틱,중유동
142280,중간틱,저유동
425040,중간틱,고유동
376180,중간틱,중유동
850,중간틱,저유동
2920,중간틱,저유동
194370,중간틱,중유동
238490,중간틱,저유동
60380,중간틱,저유동
2220,중간틱,중유동
219130,중간틱,고유동
388210,중간틱,고유동
54450,중간틱,중유동
215790,중간틱,중유동
309960,중간틱,중유동
215380,중간틱,고유동
2290,중간틱,저유동
137950,중간틱,고유동
61250,중간틱,저유동
314930,중간틱,중유동
226340,중간틱,저유동
7370,중간틱,저유동
353590,중간틱,저유동
136540,중간틱,저유동
170790,중간틱,저유동
22220,중간틱,저유동
240550,중간틱,중유동
261780,중간틱,중유동
382800,중간틱,고유동
131760,중간틱,저유동
46440,중간틱,저유동
6220,중간틱,고유동
489460,중간틱,중유동
90435,중간틱,중유동
23900,중간틱,고유동
439580,중간틱,중유동
191410,중간틱,중유동
140430,중간틱,저유동
33130,중간틱,중유동
91440,중간틱,중유동
67900,중간틱,중유동
34940,중간틱,저유동
38620,중간틱,중유동
94820,중간틱,고유동
450520,중간틱,저유동
38870,중간틱,저유동
36010,중간틱,중유동
369370,중간틱,고유동
115440,중간틱,중유동
464080,중간틱,고유동
4450,중간틱,저유동
90350,중간틱,중유동
104200,중간틱,중유동
364950,중간틱,중유동
3240,중간틱,고유동
25770,중간틱,저유동
381620,중간틱,중유동
11230,중간틱,저유동
69140,중간틱,저유동
256940,중간틱,중유동
18700,중간틱,중유동
23770,중간틱,저유동
64550,중간틱,중유동
95720,중간틱,저유동
78860,중간틱,저유동
71280,중간틱,중유동
377330,중간틱,저유동
8700,중간틱,저유동
9770,중간틱,저유동
331520,중간틱,저유동
459100,중간틱,저유동
294140,중간틱,중유동
199800,중간틱,중유동
311320,중간틱,저유동
15360,중간틱,중유동
187270,중간틱,저유동
347890,중간틱,저유동
69920,중간틱,중유동
36670,중간틱,저유동
104540,중간틱,저유동
24800,중간틱,중유동
127980,중간틱,저유동
41440,중간틱,중유동
250930,중간틱,중유동
31430,작은틱,중유동
293780,작은틱,중유동
46940,작은틱,중유동
16590,작은틱,중유동
35200,작은틱,저유동
104460,작은틱,중유동
88290,작은틱,저유동
102370,작은틱,저유동
432430,작은틱,저유동
212560,작은틱,중유동
182360,작은틱,저유동
131030,작은틱,중유동
100220,작은틱,저유동
83550,작은틱,저유동
102120,작은틱,고유동
363260,작은틱,저유동
70960,작은틱,저유동
99320,작은틱,고유동
12800,작은틱,중유동
12210,작은틱,고유동
65510,작은틱,중유동
1550,작은틱,고유동
117730,작은틱,고유동
3800,작은틱,저유동
183490,작은틱,중유동
40910,작은틱,중유동
282880,작은틱,중유동
460940,작은틱,중유동
72990,작은틱,중유동
47820,작은틱,저유동
122450,작은틱,저유동
11560,작은틱,중유동
16920,작은틱,저유동
4720,작은틱,저유동
101930,작은틱,중유동
5320,작은틱,저유동
113810,작은틱,중유동
253590,작은틱,고유동
302430,작은틱,저유동
424960,작은틱,중유동
92040,작은틱,중유동
53950,작은틱,중유동
92300,작은틱,중유동
123690,작은틱,중유동
4560,작은틱,고유동
33340,작은틱,고유동
66670,작은틱,저유동
101360,작은틱,중유동
51360,작은틱,중유동
45340,작은틱,저유동
108230,작은틱,중유동
107600,작은틱,중유동
66910,작은틱,저유동
4090,작은틱,고유동
4830,작은틱,중유동
155,작은틱,고유동
450330,작은틱,저유동
5430,작은틱,저유동
288620,작은틱,저유동
18620,작은틱,저유동
109070,작은틱,저유동
65370,작은틱,저유동
19990,작은틱,고유동
289220,작은틱,저유동
260970,작은틱,중유동
264900,작은틱,저유동
2880,작은틱,저유동
13570,작은틱,중유동
446540,작은틱,중유동
417010,작은틱,고유동
63760,작은틱,저유동
37710,작은틱,중유동
313760,작은틱,중유동
47920,작은틱,중유동
336060,작은틱,저유동
199550,작은틱,저유동
419120,작은틱,중유동
40300,작은틱,저유동
328380,작은틱,저유동
209640,작은틱,중유동
590,작은틱,저유동
45300,작은틱,저유동
2840,작은틱,저유동
35510,작은틱,고유동
173940,작은틱,저유동
49120,작은틱,저유동
282720,작은틱,고유동
270660,작은틱,중유동
198940,작은틱,저유동
228760,작은틱,고유동
338220,작은틱,중유동
35610,작은틱,저유동
208350,작은틱,저유동
359090,작은틱,저유동
1560,작은틱,저유동
17250,작은틱,저유동
78520,작은틱,고유동
60850,작은틱,저유동
3480,작은틱,중유동
105330,작은틱,중유동
8040,작은틱,중유동
377450,작은틱,중유동
260660,작은틱,저유동
84690,작은틱,중유동
11370,작은틱,중유동
225430,작은틱,중유동
35080,작은틱,고유동
66310,작은틱,고유동
70590,작은틱,저유동
1130,작은틱,중유동
131180,작은틱,저유동
476080,작은틱,고유동
278650,작은틱,저유동
12620,작은틱,저유동
463480,작은틱,저유동
49470,작은틱,저유동
274400,작은틱,저유동
7530,작은틱,저유동
457370,작은틱,중유동
205100,작은틱,중유동
458870,작은틱,고유동
14440,작은틱,저유동
54300,작은틱,중유동
140670,작은틱,고유동
27580,작은틱,저유동
251370,작은틱,중유동
376270,작은틱,중유동
69330,작은틱,저유동
263020,작은틱,저유동
97950,작은틱,고유동
4590,작은틱,저유동
189860,작은틱,고유동
430690,작은틱,저유동
452430,작은틱,고유동
3200,작은틱,저유동
65060,작은틱,저유동
91810,작은틱,중유동
78140,작은틱,저유동
35290,작은틱,저유동
378850,작은틱,저유동
90470,작은틱,고유동
83310,작은틱,고유동
5500,작은틱,중유동
20710,작은틱,저유동
143240,작은틱,저유동
443670,작은틱,중유동
65680,작은틱,중유동
458350,작은틱,고유동
18250,작은틱,중유동
413390,작은틱,중유동
215480,작은틱,저유동
1275,작은틱,중유동
2700,작은틱,중유동
149950,작은틱,중유동
48550,작은틱,저유동
393210,작은틱,중유동
2320,작은틱,중유동
440320,작은틱,저유동
241840,작은틱,저유동
201490,작은틱,중유동
4360,작은틱,중유동
58450,작은틱,저유동
5990,작은틱,저유동
307930,작은틱,중유동
7280,작은틱,저유동
259630,작은틱,중유동
85310,작은틱,고유동
25620,작은틱,저유동
1420,작은틱,저유동
261200,작은틱,저유동
28100,작은틱,중유동
159010,작은틱,중유동
57540,작은틱,저유동
68290,작은틱,저유동
2680,작은틱,고유동
49960,작은틱,중유동
330350,작은틱,중유동
219420,작은틱,저유동
290660,작은틱,고유동
211270,작은틱,고유동
321820,작은틱,저유동
257370,작은틱,저유동
110020,작은틱,중유동
451250,작은틱,저유동
44340,작은틱,저유동
19660,작은틱,저유동
131220,작은틱,저유동
43370,작은틱,중유동
65950,작은틱,저유동
96250,작은틱,고유동
318000,작은틱,저유동
52420,작은틱,중유동
8970,작은틱,중유동
175140,작은틱,중유동
126700,작은틱,고유동
8775,작은틱,저유동
203450,작은틱,저유동
264450,작은틱,고유동
273640,작은틱,저유동
33170,작은틱,중유동
48430,작은틱,저유동
455180,작은틱,저유동
252500,작은틱,저유동
20400,작은틱,저유동
59270,작은틱,중유동
291810,작은틱,저유동
50,작은틱,중유동
4770,작은틱,중유동
384470,작은틱,저유동
43200,작은틱,중유동
43590,작은틱,저유동
36560,작은틱,저유동
58430,작은틱,중유동
76610,작은틱,고유동
224110,작은틱,저유동
94840,작은틱,중유동
396270,작은틱,고유동
14910,작은틱,중유동
300120,작은틱,중유동
66700,작은틱,중유동
2355,작은틱,저유동
232680,작은틱,고유동
1045,작은틱,중유동
96630,작은틱,중유동
14970,작은틱,저유동
127710,작은틱,저유동
115310,작은틱,중유동
206650,작은틱,고유동
109740,작은틱,중유동
261520,작은틱,중유동
73560,작은틱,저유동
376980,작은틱,저유동
71090,작은틱,중유동
265560,작은틱,저유동
317830,작은틱,중유동
92460,작은틱,중유동
9320,작은틱,저유동
31440,작은틱,저유동
18680,작은틱,저유동
86710,작은틱,저유동
48770,작은틱,저유동
101170,작은틱,중유동
1290,작은틱,중유동
348350,작은틱,중유동
7110,작은틱,중유동
49830,작은틱,저유동
227840,작은틱,중유동
12320,작은틱,고유동
331380,작은틱,중유동
99220,작은틱,중유동
462350,작은틱,고유동
4105,작은틱,저유동
52460,작은틱,저유동
60310,작은틱,저유동
140070,작은틱,저유동
9270,작은틱,중유동
86820,작은틱,고유동
199480,작은틱,저유동
72470,작은틱,중유동
44380,작은틱,저유동
141000,작은틱,중유동
42940,작은틱,중유동
7680,작은틱,저유동
49550,작은틱,저유동
48910,작은틱,중유동
340440,작은틱,저유동
3070,작은틱,중유동
254490,작은틱,고유동
226400,작은틱,중유동
2795,작은틱,저유동
40160,작은틱,중유동
17860,작은틱,고유동
69730,작은틱,저유동
488280,작은틱,중유동
475660,작은틱,중유동
180400,작은틱,중유동
3580,작은틱,중유동
101240,작은틱,저유동
16800,작은틱,저유동
92190,작은틱,중유동
456070,작은틱,중유동
353190,작은틱,저유동
7980,작은틱,중유동
232830,작은틱,중유동
11390,작은틱,중유동
377480,작은틱,고유동
452280,작은틱,고유동
244920,작은틱,중유동
460470,작은틱,저유동
86670,작은틱,중유동
53580,작은틱,중유동
67080,작은틱,중유동
52710,작은틱,고유동
246960,작은틱,저유동
48470,작은틱,저유동
2460,작은틱,중유동
200780,작은틱,저유동
56730,작은틱,저유동
4890,작은틱,저유동
52020,작은틱,고유동
2025,작은틱,중유동
6490,작은틱,중유동
418470,작은틱,저유동
98660,작은틱,저유동
306200,작은틱,고유동
237750,작은틱,중유동
131100,작은틱,저유동
31510,작은틱,저유동
39610,작은틱,중유동
105740,작은틱,고유동
142760,작은틱,저유동
23350,작은틱,저유동
176750,작은틱,저유동
80010,작은틱,저유동
207760,작은틱,저유동
45660,작은틱,저유동
199730,작은틱,저유동
188040,작은틱,저유동
36480,작은틱,고유동
4980,작은틱,중유동
21650,작은틱,저유동
260930,작은틱,저유동
475430,작은틱,저유동
57680,작은틱,저유동
80530,작은틱,저유동
47400,작은틱,중유동
331920,작은틱,중유동
129920,작은틱,고유동
302550,작은틱,중유동
224060,작은틱,중유동
114840,작은틱,중유동
474170,작은틱,고유동
332290,작은틱,고유동
860,작은틱,중유동
193250,작은틱,저유동
219750,작은틱,저유동
10400,작은틱,저유동
11320,작은틱,저유동
311690,작은틱,저유동
67370,작은틱,저유동
331740,작은틱,고유동
55490,작은틱,저유동
545,작은틱,저유동
115160,작은틱,저유동
23440,작은틱,중유동
101330,작은틱,중유동
37070,작은틱,저유동
1260,작은틱,중유동
99190,작은틱,고유동
4270,작은틱,저유동
90080,작은틱,저유동
210980,작은틱,중유동
99750,작은틱,저유동
21820,작은틱,중유동
64240,작은틱,중유동
15260,작은틱,중유동
18120,작은틱,저유동
200350,작은틱,중유동
60540,작은틱,저유동
111380,작은틱,저유동
129890,작은틱,저유동
27040,작은틱,중유동
53260,작은틱,저유동
1080,작은틱,중유동
27830,작은틱,저유동
434480,작은틱,저유동
103230,작은틱,저유동
81000,작은틱,중유동
3925,작은틱,중유동
65530,작은틱,중유동
4700,작은틱,중유동
71950,작은틱,저유동
33200,작은틱,저유동
191420,작은틱,저유동
110790,작은틱,저유동
484810,작은틱,중유동
6345,작은틱,중유동
17040,작은틱,중유동
220,작은틱,저유동
87600,작은틱,저유동
136410,작은틱,저유동
123860,작은틱,중유동
318010,작은틱,저유동
405100,작은틱,중유동
306040,작은틱,중유동
303530,작은틱,저유동
36000,작은틱,저유동
34120,작은틱,저유동
452160,작은틱,저유동
1810,작은틱,저유동
348150,작은틱,저유동
25440,작은틱,저유동
63170,작은틱,중유동
14285,작은틱,저유동
1460,작은틱,저유동
72710,작은틱,중유동
275630,작은틱,저유동
1360,작은틱,중유동
79000,작은틱,중유동
81180,작은틱,중유동
241520,작은틱,고유동
19680,작은틱,저유동
192250,작은틱,저유동
370090,작은틱,중유동
44820,작은틱,중유동
26940,작은틱,저유동
159580,작은틱,저유동
373160,작은틱,중유동
94940,작은틱,중유동
431190,작은틱,고유동
32300,작은틱,저유동
91590,작은틱,저유동
13720,작은틱,중유동
14160,작은틱,저유동
438700,작은틱,저유동
289010,작은틱,저유동
296640,작은틱,중유동
33640,작은틱,중유동
488900,작은틱,고유동
49950,작은틱,중유동
378800,작은틱,중유동
330860,작은틱,중유동
104040,작은틱,저유동
3535,작은틱,저유동
80520,작은틱,저유동
290670,작은틱,저유동
153460,작은틱,저유동
14990,작은틱,저유동
448280,작은틱,중유동
215360,작은틱,저유동
21050,작은틱,중유동
429270,작은틱,중유동
50960,작은틱,저유동
17000,작은틱,저유동
271980,작은틱,중유동
475460,작은틱,저유동
378340,작은틱,중유동
377220,작은틱,고유동
312610,작은틱,저유동
25870,작은틱,저유동
32940,작은틱,중유동
42510,작은틱,중유동
196300,작은틱,중유동
69410,작은틱,저유동
180,작은틱,저유동
61090,작은틱,중유동
540,작은틱,중유동
109820,작은틱,저유동
371950,작은틱,고유동
153490,작은틱,저유동
222980,작은틱,저유동
143540,작은틱,저유동
65130,작은틱,저유동
60560,작은틱,저유동
187790,작은틱,중유동
52770,작은틱,중유동
263860,작은틱,중유동
1720,작은틱,고유동
405920,작은틱,저유동
100660,작은틱,저유동
46390,작은틱,저유동
163730,작은틱,중유동
238200,작은틱,저유동
109080,작은틱,중유동
46970,작은틱,고유동
377030,작은틱,중유동
39010,작은틱,중유동
71670,작은틱,중유동
12160,작은틱,중유동
314140,작은틱,저유동
464280,작은틱,저유동
293580,작은틱,중유동
64800,작은틱,중유동
33250,작은틱,저유동
90370,작은틱,저유동
90150,작은틱,저유동
263800,작은틱,저유동
458650,작은틱,중유동
13890,작은틱,중유동
446070,작은틱,저유동
225590,작은틱,저유동
84440,작은틱,저유동
50120,작은틱,저유동
365270,작은틱,고유동
88340,작은틱,중유동
9810,작은틱,저유동
347860,작은틱,중유동
40350,작은틱,중유동
147760,작은틱,저유동
214680,작은틱,중유동
417860,작은틱,저유동
32580,작은틱,저유동
138490,작은틱,중유동
289930,작은틱,고유동
452400,작은틱,저유동
72770,작은틱,저유동
277410,작은틱,저유동
225,작은틱,저유동
360070,작은틱,중유동
365900,작은틱,저유동
33790,작은틱,고유동
38950,작은틱,저유동
477470,작은틱,저유동
36220,작은틱,저유동
307870,작은틱,고유동
318160,작은틱,중유동
60480,작은틱,저유동
33540,작은틱,저유동
32790,작은틱,저유동
84850,작은틱,중유동
171010,작은틱,저유동
84650,작은틱,중유동
109860,작은틱,저유동
308100,작은틱,저유동
91970,작은틱,중유동
450950,작은틱,중유동
54090,작은틱,저유동
7770,작은틱,저유동
44990,작은틱,중유동
397810,작은틱,저유동
403490,작은틱,저유동
238120,작은틱,중유동
33050,작은틱,저유동
105550,작은틱,중유동
4835,작은틱,저유동
203650,작은틱,중유동
24940,작은틱,저유동
126730,작은틱,중유동
198440,작은틱,저유동
317870,작은틱,저유동
273060,작은틱,중유동
14950,작은틱,중유동
432470,작은틱,중유동
56700,작은틱,저유동
120030,작은틱,저유동
482630,작은틱,중유동
10280,작은틱,중유동
4960,작은틱,중유동
368600,작은틱,중유동
95910,작은틱,고유동
43100,작은틱,중유동
342870,작은틱,저유동
291230,작은틱,저유동
413640,작은틱,중유동
85910,작은틱,고유동
335870,작은틱,저유동
461300,작은틱,중유동
23600,작은틱,중유동
276040,작은틱,저유동
187870,작은틱,중유동
131400,작은틱,중유동
14470,작은틱,저유동
323350,작은틱,고유동
90410,작은틱,저유동
189980,작은틱,저유동
68100,작은틱,저유동
444530,작은틱,중유동
78000,작은틱,중유동
172670,작은틱,중유동
32280,작은틱,저유동
254120,작은틱,저유동
79950,작은틱,중유동
39290,작은틱,저유동
417790,작은틱,저유동
189690,작은틱,저유동
82850,작은틱,중유동
53690,작은틱,고유동
37330,작은틱,저유동
255440,작은틱,중유동
153710,작은틱,저유동
304840,작은틱,중유동
7210,작은틱,중유동
453450,작은틱,중유동
148780,작은틱,저유동
373200,작은틱,중유동
309930,작은틱,저유동
49430,작은틱,중유동
311390,작은틱,저유동
451220,작은틱,중유동
279600,작은틱,저유동
6050,작은틱,중유동
105,작은틱,저유동
205500,작은틱,저유동
239890,작은틱,저유동
303030,작은틱,고유동
2690,작은틱,저유동
119610,작은틱,중유동
246690,작은틱,중유동
84730,작은틱,저유동
189330,작은틱,중유동
18500,작은틱,중유동
6840,작은틱,저유동
68330,작은틱,저유동
277070,작은틱,저유동
473980,작은틱,중유동
50090,작은틱,저유동
348080,작은틱,중유동
25560,작은틱,중유동
143160,작은틱,저유동
407400,작은틱,저유동
178780,작은틱,저유동
51780,작은틱,중유동
204840,작은틱,저유동
270870,작은틱,저유동
131090,작은틱,저유동
471820,작은틱,저유동
267790,작은틱,저유동
66980,작은틱,중유동
5800,작은틱,저유동
9190,작은틱,저유동
469750,작은틱,저유동
41520,작은틱,중유동
230,작은틱,저유동
111710,작은틱,저유동
88390,작은틱,중유동
123010,작은틱,고유동
417970,작은틱,중유동
143210,작은틱,저유동
65690,작은틱,저유동
54410,작은틱,저유동
51390,작은틱,저유동
31860,작은틱,중유동
74430,작은틱,중유동
71055,작은틱,고유동
333050,작은틱,저유동
134060,작은틱,중유동
83500,작은틱,중유동
92600,작은틱,저유동
398120,작은틱,중유동
208860,작은틱,저유동
351870,작은틱,저유동
177350,작은틱,저유동
288330,작은틱,중유동
23960,작은틱,저유동
462520,작은틱,저유동
256630,작은틱,저유동
97780,작은틱,저유동
65770,작은틱,저유동
137080,작은틱,저유동
38290,작은틱,중유동
64290,작은틱,중유동
321260,작은틱,저유동
23790,작은틱,저유동
291650,작은틱,고유동
1685,작은틱,저유동
25950,작은틱,중유동
76080,작은틱,저유동
27050,작은틱,저유동
466410,작은틱,저유동
347770,작은틱,중유동
462310,작은틱,저유동
340360,작은틱,고유동
388610,작은틱,저유동
250000,작은틱,저유동
2760,작은틱,중유동
33230,작은틱,저유동
271830,작은틱,저유동
36630,작은틱,저유동
435570,작은틱,중유동
16670,작은틱,저유동
419050,작은틱,저유동
48830,작은틱,저유동
367000,작은틱,저유동
101970,작은틱,저유동
432980,작은틱,저유동
6125,작은틱,저유동
101670,작은틱,중유동
159910,작은틱,저유동
360350,작은틱,중유동
251120,작은틱,저유동
24070,작은틱,저유동
101000,작은틱,중유동
109670,작은틱,저유동
53060,작은틱,저유동
317530,작은틱,저유동
106190,작은틱,중유동
372800,작은틱,저유동
222420,작은틱,중유동
479960,작은틱,저유동
760,작은틱,저유동
146320,작은틱,중유동
13360,작은틱,중유동
60260,작은틱,저유동
376930,작은틱,중유동
87260,작은틱,고유동
4920,작은틱,저유동
32860,작은틱,저유동
4540,작은틱,저유동
303360,작은틱,저유동
5360,작은틱,저유동
11280,작은틱,중유동
1000,작은틱,저유동
104480,작은틱,중유동
420570,작은틱,저유동
298060,작은틱,저유동
157,작은틱,중유동
96690,작은틱,중유동
317120,작은틱,저유동
481070,작은틱,중유동
101140,작은틱,저유동
214260,작은틱,저유동
1465,작은틱,저유동
264660,작은틱,중유동
126640,작은틱,중유동
94860,작은틱,중유동
402030,작은틱,중유동
220180,작은틱,저유동
2870,작은틱,저유동
424980,작은틱,중유동
6370,작은틱,저유동
25890,작은틱,저유동
26910,작은틱,저유동
258610,작은틱,고유동
136150,작은틱,중유동
9300,작은틱,저유동
63160,작은틱,저유동
83790,작은틱,저유동
138360,작은틱,중유동
122350,작은틱,저유동
9155,작은틱,고유동
11420,작은틱,저유동
387570,작은틱,저유동
222110,작은틱,저유동
80580,작은틱,고유동
123840,작은틱,저유동
196450,작은틱,고유동
133820,작은틱,저유동
13700,작은틱,저유동
133750,작은틱,저유동
52300,작은틱,저유동
223310,작은틱,저유동
160550,작은틱,저유동
24830,작은틱,저유동
320000,작은틱,저유동
106240,작은틱,중유동
66360,작은틱,중유동
950,작은틱,저유동
263920,작은틱,저유동
24910,작은틱,저유동
39310,작은틱,중유동
419540,작은틱,저유동
310870,작은틱,중유동
17180,작은틱,중유동
285800,작은틱,저유동
446840,작은틱,저유동
2600,작은틱,저유동
418620,작은틱,저유동
297570,작은틱,중유동
208710,작은틱,저유동
33310,작은틱,저유동
361670,작은틱,저유동
83470,작은틱,저유동
162300,작은틱,저유동
31310,작은틱,저유동
146060,작은틱,저유동
221980,작은틱,저유동
14190,작은틱,중유동
128540,작은틱,저유동
32080,작은틱,저유동
391710,작은틱,저유동
68050,작은틱,저유동
43710,작은틱,저유동
263770,작은틱,저유동
417180,작은틱,저유동
179530,작은틱,중유동
154040,작은틱,저유동
61040,작은틱,저유동
122310,작은틱,저유동
9200,작은틱,저유동
4985,작은틱,저유동
115610,작은틱,중유동
69510,작은틱,중유동
373110,작은틱,저유동
64520,작은틱,저유동
219550,작은틱,중유동
13000,작은틱,저유동
424760,작은틱,저유동
493330,작은틱,중유동
185490,작은틱,저유동
69640,작은틱,저유동
210120,작은틱,고유동
58650,작은틱,중유동
5725,작은틱,저유동
227610,작은틱,저유동
7815,작은틱,저유동
58110,작은틱,저유동
344860,작은틱,저유동
7120,작은틱,고유동
236810,작은틱,저유동
12170,작은틱,저유동
16100,작은틱,저유동
63080,작은틱,저유동
351320,작은틱,중유동
206400,작은틱,저유동
54800,작은틱,중유동
28080,작은틱,저유동
403850,작은틱,중유동
100030,작은틱,저유동
453860,작은틱,저유동
258790,작은틱,저유동
286750,작은틱,저유동
70300,작은틱,중유동
123570,작은틱,저유동
60570,작은틱,저유동
139670,작은틱,저유동
14100,작은틱,저유동
362990,작은틱,저유동
84180,작은틱,저유동
9620,작은틱,중유동
262840,작은틱,저유동
79650,작은틱,중유동
73190,작은틱,저유동
290520,작은틱,저유동
239340,작은틱,저유동
405000,작은틱,저유동
66900,작은틱,저유동
368970,작은틱,저유동
21040,작은틱,저유동
5965,작은틱,저유동
134790,작은틱,저유동
290560,작은틱,중유동
138070,작은틱,저유동
67770,작은틱,저유동
